{
  "frame_0001.jpg": {
    "cx": 217.14,
    "cy": 232.5,
    "r": 182.03,
    "w": 583,
    "h": 576,
    "cx_n": 0.37245,
    "cy_n": 0.40365,
    "r_n": 0.31603
  },
  "frame_0002.jpg": {
    "cx": 216.34,
    "cy": 232.1,
    "r": 182.81,
    "w": 583,
    "h": 576,
    "cx_n": 0.37108,
    "cy_n": 0.40295,
    "r_n": 0.31737
  },
  "frame_0003.jpg": {
    "cx": 220.8,
    "cy": 232.62,
    "r": 183.23,
    "w": 583,
    "h": 576,
    "cx_n": 0.37873,
    "cy_n": 0.40385,
    "r_n": 0.3181
  },
  "frame_0004.jpg": {
    "cx": 218.32,
    "cy": 257.02,
    "r": 183.41,
    "w": 583,
    "h": 576,
    "cx_n": 0.37448,
    "cy_n": 0.44622,
    "r_n": 0.31841
  },
  "frame_0005.jpg": {
    "cx": 235.3,
    "cy": 319.64,
    "r": 183.37,
    "w": 583,
    "h": 576,
    "cx_n": 0.4036,
    "cy_n": 0.55493,
    "r_n": 0.31835
  },
  "frame_0006.jpg": {
    "cx": 224.6,
    "cy": 312.04,
    "r": 181.87,
    "w": 583,
    "h": 576,
    "cx_n": 0.38525,
    "cy_n": 0.54174,
    "r_n": 0.31575
  },
  "frame_0007.jpg": {
    "cx": 248.1,
    "cy": 253.86,
    "r": 183.54,
    "w": 583,
    "h": 576,
    "cx_n": 0.42556,
    "cy_n": 0.44073,
    "r_n": 0.31865
  },
  "frame_0008.jpg": {
    "cx": 260.22,
    "cy": 398.56,
    "r": 182.5,
    "w": 583,
    "h": 576,
    "cx_n": 0.44635,
    "cy_n": 0.69194,
    "r_n": 0.31685
  },
  "frame_0009.jpg": {
    "cx": 208.92,
    "cy": 335.04,
    "r": 182.33,
    "w": 583,
    "h": 576,
    "cx_n": 0.35835,
    "cy_n": 0.58167,
    "r_n": 0.31655
  },
  "frame_0010.jpg": {
    "cx": 240.02,
    "cy": 356.48,
    "r": 183.55,
    "w": 583,
    "h": 576,
    "cx_n": 0.4117,
    "cy_n": 0.61889,
    "r_n": 0.31866
  },
  "frame_0011.jpg": {
    "cx": 295.24,
    "cy": 411.26,
    "r": 183.59,
    "w": 583,
    "h": 576,
    "cx_n": 0.50642,
    "cy_n": 0.71399,
    "r_n": 0.31873
  },
  "frame_0012.jpg": {
    "cx": 286.86,
    "cy": 377.32,
    "r": 181.37,
    "w": 583,
    "h": 576,
    "cx_n": 0.49204,
    "cy_n": 0.65507,
    "r_n": 0.31488
  },
  "frame_0013.jpg": {
    "cx": 263.52,
    "cy": 376.04,
    "r": 183.24,
    "w": 583,
    "h": 576,
    "cx_n": 0.45201,
    "cy_n": 0.65285,
    "r_n": 0.31813
  },
  "frame_0014.jpg": {
    "cx": 278.3,
    "cy": 392.42,
    "r": 182.65,
    "w": 583,
    "h": 576,
    "cx_n": 0.47736,
    "cy_n": 0.68128,
    "r_n": 0.3171
  },
  "frame_0015.jpg": {
    "cx": 314.7,
    "cy": 376.4,
    "r": 183.94,
    "w": 583,
    "h": 576,
    "cx_n": 0.53979,
    "cy_n": 0.65347,
    "r_n": 0.31934
  },
  "frame_0016.jpg": {
    "cx": 270.84,
    "cy": 360.5,
    "r": 184.11,
    "w": 583,
    "h": 576,
    "cx_n": 0.46456,
    "cy_n": 0.62587,
    "r_n": 0.31963
  },
  "frame_0017.jpg": {
    "cx": 331.12,
    "cy": 401.68,
    "r": 182.66,
    "w": 583,
    "h": 576,
    "cx_n": 0.56796,
    "cy_n": 0.69736,
    "r_n": 0.31711
  },
  "frame_0018.jpg": {
    "cx": 341.74,
    "cy": 403.58,
    "r": 182.2,
    "w": 583,
    "h": 576,
    "cx_n": 0.58617,
    "cy_n": 0.70066,
    "r_n": 0.31632
  },
  "frame_0019.jpg": {
    "cx": 344.48,
    "cy": 379.72,
    "r": 181.71,
    "w": 583,
    "h": 576,
    "cx_n": 0.59087,
    "cy_n": 0.65924,
    "r_n": 0.31546
  },
  "frame_0020.jpg": {
    "cx": 322.2,
    "cy": 309.7,
    "r": 183.77,
    "w": 583,
    "h": 576,
    "cx_n": 0.55266,
    "cy_n": 0.53767,
    "r_n": 0.31905
  },
  "frame_0021.jpg": {
    "cx": 372.08,
    "cy": 295.02,
    "r": 181.96,
    "w": 583,
    "h": 576,
    "cx_n": 0.63822,
    "cy_n": 0.51219,
    "r_n": 0.31591
  },
  "frame_0022.jpg": {
    "cx": 361.98,
    "cy": 217.62,
    "r": 184.15,
    "w": 583,
    "h": 576,
    "cx_n": 0.62089,
    "cy_n": 0.37781,
    "r_n": 0.3197
  },
  "frame_0023.jpg": {
    "cx": 324.4,
    "cy": 226.38,
    "r": 184.43,
    "w": 583,
    "h": 576,
    "cx_n": 0.55643,
    "cy_n": 0.39302,
    "r_n": 0.32019
  },
  "frame_0024.jpg": {
    "cx": 268.36,
    "cy": 230.9,
    "r": 182.56,
    "w": 583,
    "h": 576,
    "cx_n": 0.46031,
    "cy_n": 0.40087,
    "r_n": 0.31694
  },
  "frame_0025.jpg": {
    "cx": 250.6,
    "cy": 287.6,
    "r": 182.77,
    "w": 583,
    "h": 576,
    "cx_n": 0.42985,
    "cy_n": 0.49931,
    "r_n": 0.31731
  },
  "frame_0026.jpg": {
    "cx": 312.34,
    "cy": 332.78,
    "r": 183.27,
    "w": 583,
    "h": 576,
    "cx_n": 0.53575,
    "cy_n": 0.57774,
    "r_n": 0.31817
  },
  "frame_0027.jpg": {
    "cx": 255.72,
    "cy": 250.78,
    "r": 182.97,
    "w": 583,
    "h": 576,
    "cx_n": 0.43863,
    "cy_n": 0.43538,
    "r_n": 0.31765
  },
  "frame_0028.jpg": {
    "cx": 299.0,
    "cy": 216.84,
    "r": 182.79,
    "w": 583,
    "h": 576,
    "cx_n": 0.51286,
    "cy_n": 0.37646,
    "r_n": 0.31735
  },
  "frame_0029.jpg": {
    "cx": 227.36,
    "cy": 284.02,
    "r": 182.31,
    "w": 583,
    "h": 576,
    "cx_n": 0.38998,
    "cy_n": 0.49309,
    "r_n": 0.31651
  },
  "frame_0030.jpg": {
    "cx": 253.98,
    "cy": 238.86,
    "r": 182.26,
    "w": 583,
    "h": 576,
    "cx_n": 0.43564,
    "cy_n": 0.41469,
    "r_n": 0.31643
  },
  "frame_0031.jpg": {
    "cx": 212.56,
    "cy": 257.9,
    "r": 182.64,
    "w": 583,
    "h": 576,
    "cx_n": 0.3646,
    "cy_n": 0.44774,
    "r_n": 0.31708
  },
  "frame_0032.jpg": {
    "cx": 236.22,
    "cy": 288.06,
    "r": 182.24,
    "w": 583,
    "h": 576,
    "cx_n": 0.40518,
    "cy_n": 0.5001,
    "r_n": 0.31639
  },
  "frame_0033.jpg": {
    "cx": 266.8,
    "cy": 241.3,
    "r": 182.85,
    "w": 583,
    "h": 576,
    "cx_n": 0.45763,
    "cy_n": 0.41892,
    "r_n": 0.31745
  },
  "frame_0034.jpg": {
    "cx": 218.2,
    "cy": 357.76,
    "r": 183.17,
    "w": 583,
    "h": 576,
    "cx_n": 0.37427,
    "cy_n": 0.62111,
    "r_n": 0.31801
  },
  "frame_0035.jpg": {
    "cx": 252.82,
    "cy": 388.94,
    "r": 183.3,
    "w": 583,
    "h": 576,
    "cx_n": 0.43365,
    "cy_n": 0.67524,
    "r_n": 0.31823
  },
  "frame_0036.jpg": {
    "cx": 241.08,
    "cy": 368.7,
    "r": 183.56,
    "w": 583,
    "h": 576,
    "cx_n": 0.41352,
    "cy_n": 0.6401,
    "r_n": 0.31869
  },
  "frame_0037.jpg": {
    "cx": 298.38,
    "cy": 318.5,
    "r": 182.95,
    "w": 583,
    "h": 576,
    "cx_n": 0.5118,
    "cy_n": 0.55295,
    "r_n": 0.31763
  },
  "frame_0038.jpg": {
    "cx": 276.64,
    "cy": 366.64,
    "r": 183.0,
    "w": 583,
    "h": 576,
    "cx_n": 0.47451,
    "cy_n": 0.63653,
    "r_n": 0.31771
  },
  "frame_0039.jpg": {
    "cx": 299.3,
    "cy": 366.16,
    "r": 181.64,
    "w": 583,
    "h": 576,
    "cx_n": 0.51338,
    "cy_n": 0.63569,
    "r_n": 0.31535
  },
  "frame_0040.jpg": {
    "cx": 338.42,
    "cy": 389.9,
    "r": 183.65,
    "w": 583,
    "h": 576,
    "cx_n": 0.58048,
    "cy_n": 0.67691,
    "r_n": 0.31884
  },
  "frame_0041.jpg": {
    "cx": 303.42,
    "cy": 212.06,
    "r": 182.68,
    "w": 583,
    "h": 576,
    "cx_n": 0.52045,
    "cy_n": 0.36816,
    "r_n": 0.31716
  },
  "frame_0042.jpg": {
    "cx": 386.9,
    "cy": 249.06,
    "r": 183.07,
    "w": 583,
    "h": 576,
    "cx_n": 0.66364,
    "cy_n": 0.4324,
    "r_n": 0.31783
  },
  "frame_0043.jpg": {
    "cx": 351.0,
    "cy": 223.56,
    "r": 184.22,
    "w": 583,
    "h": 576,
    "cx_n": 0.60206,
    "cy_n": 0.38813,
    "r_n": 0.31982
  },
  "frame_0044.jpg": {
    "cx": 324.08,
    "cy": 283.04,
    "r": 183.1,
    "w": 583,
    "h": 576,
    "cx_n": 0.55588,
    "cy_n": 0.49139,
    "r_n": 0.31788
  },
  "frame_0045.jpg": {
    "cx": 236.44,
    "cy": 284.36,
    "r": 183.45,
    "w": 583,
    "h": 576,
    "cx_n": 0.40556,
    "cy_n": 0.49368,
    "r_n": 0.31849
  },
  "frame_0046.jpg": {
    "cx": 312.7,
    "cy": 280.08,
    "r": 184.2,
    "w": 583,
    "h": 576,
    "cx_n": 0.53636,
    "cy_n": 0.48625,
    "r_n": 0.31978
  },
  "frame_0047.jpg": {
    "cx": 303.5,
    "cy": 213.82,
    "r": 182.91,
    "w": 583,
    "h": 576,
    "cx_n": 0.52058,
    "cy_n": 0.37122,
    "r_n": 0.31755
  },
  "frame_0048.jpg": {
    "cx": 378.76,
    "cy": 248.52,
    "r": 182.39,
    "w": 583,