{
  "frame_0001.jpg": {
    "cx": 281.6,
    "cy": 305.24,
    "r": 182.31,
    "w": 720,
    "h": 720,
    "cx_n": 0.39111,
    "cy_n": 0.42394,
    "r_n": 0.25321
  },
  "frame_0002.jpg": {
    "cx": 280.88,
    "cy": 305.42,
    "r": 183.58,
    "w": 720,
    "h": 720,
    "cx_n": 0.39011,
    "cy_n": 0.42419,
    "r_n": 0.25497
  },
  "frame_0003.jpg": {
    "cx": 287.16,
    "cy": 304.18,
    "r": 183.29,
    "w": 720,
    "h": 720,
    "cx_n": 0.39883,
    "cy_n": 0.42247,
    "r_n": 0.25457
  },
  "frame_0004.jpg": {
    "cx": 284.64,
    "cy": 329.9,
    "r": 183.64,
    "w": 720,
    "h": 720,
    "cx_n": 0.39533,
    "cy_n": 0.45819,
    "r_n": 0.25506
  },
  "frame_0005.jpg": {
    "cx": 302.16,
    "cy": 391.64,
    "r": 182.56,
    "w": 720,
    "h": 720,
    "cx_n": 0.41967,
    "cy_n": 0.54394,
    "r_n": 0.25356
  },
  "frame_0006.jpg": {
    "cx": 290.46,
    "cy": 385.24,
    "r": 182.19,
    "w": 720,
    "h": 720,
    "cx_n": 0.40342,
    "cy_n": 0.53506,
    "r_n": 0.25304
  },
  "frame_0007.jpg": {
    "cx": 311.2,
    "cy": 325.62,
    "r": 183.59,
    "w": 720,
    "h": 720,
    "cx_n": 0.43222,
    "cy_n": 0.45225,
    "r_n": 0.25499
  },
  "frame_0008.jpg": {
    "cx": 323.54,
    "cy": 471.86,
    "r": 182.89,
    "w": 720,
    "h": 720,
    "cx_n": 0.44936,
    "cy_n": 0.65536,
    "r_n": 0.25401
  },
  "frame_0009.jpg": {
    "cx": 272.28,
    "cy": 407.0,
    "r": 182.39,
    "w": 720,
    "h": 720,
    "cx_n": 0.37817,
    "cy_n": 0.56528,
    "r_n": 0.25333
  },
  "frame_0010.jpg": {
    "cx": 304.52,
    "cy": 429.2,
    "r": 183.64,
    "w": 720,
    "h": 720,
    "cx_n": 0.42294,
    "cy_n": 0.59611,
    "r_n": 0.25506
  },
  "frame_0011.jpg": {
    "cx": 360.64,
    "cy": 484.14,
    "r": 183.58,
    "w": 720,
    "h": 720,
    "cx_n": 0.50089,
    "cy_n": 0.67242,
    "r_n": 0.25497
  },
  "frame_0012.jpg": {
    "cx": 350.02,
    "cy": 451.22,
    "r": 182.23,
    "w": 720,
    "h": 720,
    "cx_n": 0.48614,
    "cy_n": 0.62669,
    "r_n": 0.2531
  },
  "frame_0013.jpg": {
    "cx": 327.2,
    "cy": 448.8,
    "r": 183.1,
    "w": 720,
    "h": 720,
    "cx_n": 0.45444,
    "cy_n": 0.62333,
    "r_n": 0.2543
  },
  "frame_0014.jpg": {
    "cx": 343.04,
    "cy": 464.22,
    "r": 181.34,
    "w": 720,
    "h": 720,
    "cx_n": 0.47644,
    "cy_n": 0.64475,
    "r_n": 0.25186
  },
  "frame_0015.jpg": {
    "cx": 379.04,
    "cy": 447.3,
    "r": 184.41,
    "w": 720,
    "h": 720,
    "cx_n": 0.52644,
    "cy_n": 0.62125,
    "r_n": 0.25613
  },
  "frame_0016.jpg": {
    "cx": 335.58,
    "cy": 433.04,
    "r": 183.82,
    "w": 720,
    "h": 720,
    "cx_n": 0.46608,
    "cy_n": 0.60144,
    "r_n": 0.2553
  },
  "frame_0017.jpg": {
    "cx": 396.24,
    "cy": 473.86,
    "r": 183.07,
    "w": 720,
    "h": 720,
    "cx_n": 0.55033,
    "cy_n": 0.65814,
    "r_n": 0.25426
  },
  "frame_0018.jpg": {
    "cx": 407.12,
    "cy": 474.86,
    "r": 182.71,
    "w": 720,
    "h": 720,
    "cx_n": 0.56544,
    "cy_n": 0.65953,
    "r_n": 0.25376
  },
  "frame_0019.jpg": {
    "cx": 410.26,
    "cy": 450.0,
    "r": 181.78,
    "w": 720,
    "h": 720,
    "cx_n": 0.56981,
    "cy_n": 0.625,
    "r_n": 0.25248
  },
  "frame_0020.jpg": {
    "cx": 387.52,
    "cy": 382.18,
    "r": 183.48,
    "w": 720,
    "h": 720,
    "cx_n": 0.53822,
    "cy_n": 0.53081,
    "r_n": 0.25484
  },
  "frame_0021.jpg": {
    "cx": 436.82,
    "cy": 367.3,
    "r": 183.11,
    "w": 720,
    "h": 720,
    "cx_n": 0.60669,
    "cy_n": 0.51014,
    "r_n": 0.25432
  },
  "frame_0022.jpg": {
    "cx": 427.54,
    "cy": 290.42,
    "r": 183.71,
    "w": 720,
    "h": 720,
    "cx_n": 0.59381,
    "cy_n": 0.40336,
    "r_n": 0.25515
  },
  "frame_0023.jpg": {
    "cx": 391.0,
    "cy": 298.16,
    "r": 182.79,
    "w": 720,
    "h": 720,
    "cx_n": 0.54306,
    "cy_n": 0.41411,
    "r_n": 0.25388
  },
  "frame_0024.jpg": {
    "cx": 331.58,
    "cy": 301.82,
    "r": 183.14,
    "w": 720,
    "h": 720,
    "cx_n": 0.46053,
    "cy_n": 0.41919,
    "r_n": 0.25436
  },
  "frame_0025.jpg": {
    "cx": 316.64,
    "cy": 358.2,
    "r": 183.03,
    "w": 720,
    "h": 720,
    "cx_n": 0.43978,
    "cy_n": 0.4975,
    "r_n": 0.25421
  },
  "frame_0026.jpg": {
    "cx": 378.32,
    "cy": 402.84,
    "r": 182.71,
    "w": 720,
    "h": 720,
    "cx_n": 0.52544,
    "cy_n": 0.5595,
    "r_n": 0.25376
  },
  "frame_0027.jpg": {
    "cx": 320.46,
    "cy": 321.64,
    "r": 182.09,
    "w": 720,
    "h": 720,
    "cx_n": 0.44508,
    "cy_n": 0.44672,
    "r_n": 0.2529
  },
  "frame_0028.jpg": {
    "cx": 364.92,
    "cy": 289.44,
    "r": 183.27,
    "w": 720,
    "h": 720,
    "cx_n": 0.50683,
    "cy_n": 0.402,
    "r_n": 0.25454
  },
  "frame_0029.jpg": {
    "cx": 293.9,
    "cy": 355.8,
    "r": 181.89,
    "w": 720,
    "h": 720,
    "cx_n": 0.40819,
    "cy_n": 0.49417,
    "r_n": 0.25262
  },
  "frame_0030.jpg": {
    "cx": 317.48,
    "cy": 311.36,
    "r": 182.87,
    "w": 720,
    "h": 720,
    "cx_n": 0.44094,
    "cy_n": 0.43244,
    "r_n": 0.25399
  },
  "frame_0031.jpg": {
    "cx": 274.6,
    "cy": 329.96,
    "r": 182.89,
    "w": 720,
    "h": 720,
    "cx_n": 0.38139,
    "cy_n": 0.45828,
    "r_n": 0.25401
  },
  "frame_0032.jpg": {
    "cx": 300.72,
    "cy": 359.78,
    "r": 183.55,
    "w": 720,
    "h": 720,
    "cx_n": 0.41767,
    "cy_n": 0.49969,
    "r_n": 0.25493
  },
  "frame_0033.jpg": {
    "cx": 331.56,
    "cy": 311.86,
    "r": 184.38,
    "w": 720,
    "h": 720,
    "cx_n": 0.4605,
    "cy_n": 0.43314,
    "r_n": 0.25608
  },
  "frame_0034.jpg": {
    "cx": 282.82,
    "cy": 430.08,
    "r": 183.81,
    "w": 720,
    "h": 720,
    "cx_n": 0.39281,
    "cy_n": 0.59733,
    "r_n": 0.25529
  },
  "frame_0035.jpg": {
    "cx": 317.18,
    "cy": 461.0,
    "r": 183.36,
    "w": 720,
    "h": 720,
    "cx_n": 0.44053,
    "cy_n": 0.64028,
    "r_n": 0.25466
  },
  "frame_0036.jpg": {
    "cx": 306.6,
    "cy": 441.14,
    "r": 183.3,
    "w": 720,
    "h": 720,
    "cx_n": 0.42583,
    "cy_n": 0.61269,
    "r_n": 0.25459
  },
  "frame_0037.jpg": {
    "cx": 363.88,
    "cy": 389.84,
    "r": 182.07,
    "w": 720,
    "h": 720,
    "cx_n": 0.50539,
    "cy_n": 0.54144,
    "r_n": 0.25287
  },
  "frame_0038.jpg": {
    "cx": 341.22,
    "cy": 438.44,
    "r": 184.63,
    "w": 720,
    "h": 720,
    "cx_n": 0.47392,
    "cy_n": 0.60894,
    "r_n": 0.25643
  },
  "frame_0039.jpg": {
    "cx": 364.68,
    "cy": 438.82,
    "r": 181.19,
    "w": 720,
    "h": 720,
    "cx_n": 0.5065,
    "cy_n": 0.60947,
    "r_n": 0.25166
  },
  "frame_0040.jpg": {
    "cx": 402.08,
    "cy": 462.4,
    "r": 182.77,
    "w": 720,
    "h": 720,
    "cx_n": 0.55844,
    "cy_n": 0.64222,
    "r_n": 0.25385
  },
  "frame_0041.jpg": {
    "cx": 367.18,
    "cy": 284.2,
    "r": 183.31,
    "w": 720,
    "h": 720,
    "cx_n": 0.50997,
    "cy_n": 0.39472,
    "r_n": 0.2546
  },
  "frame_0042.jpg": {
    "cx": 453.96,
    "cy": 321.2,
    "r": 184.09,
    "w": 720,
    "h": 720,
    "cx_n": 0.6305,
    "cy_n": 0.44611,
    "r_n": 0.25568
  },
  "frame_0043.jpg": {
    "cx": 414.6,
    "cy": 295.44,
    "r": 182.65,
    "w": 720,
    "h": 720,
    "cx_n": 0.57583,
    "cy_n": 0.41033,
    "r_n": 0.25368
  },
  "frame_0044.jpg": {
    "cx": 388.68,
    "cy": 354.96,
    "r": 183.13,
    "w": 720,
    "h": 720,
    "cx_n": 0.53983,
    "cy_n": 0.493,
    "r_n": 0.25435
  },
  "frame_0045.jpg": {
    "cx": 299.66,
    "cy": 356.52,
    "r": 183.93,
    "w": 720,
    "h": 720,
    "cx_n": 0.41619,
    "cy_n": 0.49517,
    "r_n": 0.25546
  },
  "frame_0046.jpg": {
    "cx": 377.16,
    "cy": 351.68,
    "r": 183.12,
    "w": 720,
    "h": 720,
    "cx_n": 0.52383,
    "cy_n": 0.48844,
    "r_n": 0.25434
  },
  "frame_0047.jpg": {
    "cx": 366.9,
    "cy": 284.38,
    "r": 183.41,
    "w": 720,
    "h": 720,
    "cx_n": 0.50958,
    "cy_n": 0.39497,
    "r_n": 0.25474
  },
  "frame_0048.jpg": {
    "cx": 443.86,
    "cy": 321.62,
    "r": 183.14,
    "w": 720,